{"v":"5.3.4","fr":30,"ip":0,"op":47,"w":310,"h":464,"nm":"Notifications","ddd":0,"assets":[],"layers":[{"ddd":0,"ind":1,"ty":4,"nm":"notification-01 Outlines","sr":1,"ks":{"o":{"a":1,"k":[{"i":{"x":[0.833],"y":[0.833]},"o":{"x":[0.167],"y":[0.167]},"n":["0p833_0p833_0p167_0p167"],"t":7,"s":[0],"e":[100]},{"i":{"x":[0.833],"y":[0.833]},"o":{"x":[0.167],"y":[0.167]},"n":["0p833_0p833_0p167_0p167"],"t":14,"s":[100],"e":[100]},{"t":17}],"ix":11},"r":{"a":0,"k":0,"ix":10},"p":{"a":0,"k":[155,222.086,0],"ix":2},"a":{"a":1,"k":[{"i":{"x":0.833,"y":0.833},"o":{"x":0.167,"y":0.167},"n":"0p833_0p833_0p167_0p167","t":7,"s":[115,73,0],"e":[115,83,0],"to":[0,1.66666662693024,0],"ti":[0,-1.66666662693024,0]},{"i":{"x":0.833,"y":0.833},"o":{"x":0.167,"y":0.167},"n":"0p833_0p833_0p167_0p167","t":14,"s":[115,83,0],"e":[115,83,0],"to":[0,0,0],"ti":[0,0,0]},{"t":17}],"ix":1},"s":{"a":1,"k":[{"i":{"x":[0.833,0.833,0.833],"y":[0.833,0.833,0.833]},"o":{"x":[0.167,0.167,0.167],"y":[0.167,0.167,0.167]},"n":["0p833_0p833_0p167_0p167","0p833_0p833_0p167_0p167","0p833_0p833_0p167_0p167"],"t":7,"s":[75,75,100],"e":[103,103,100]},{"i":{"x":[0.833,0.833,0.833],"y":[0.833,0.833,0.833]},"o":{"x":[0.167,0.167,0.167],"y":[0.167,0.167,0.167]},"n":["0p833_0p833_0p167_0p167","0p833_0p833_0p167_0p167","0p833_0p833_0p167_0p167"],"t":14,"s":[103,103,100],"e":[100,100,100]},{"t":17}],"ix":6}},"ao":0,"shapes":[{"ty":"gr","it":[{"ind":0,"ty":"sh","ix":1,"ks":{"a":0,"k":{"i":[[0.81,0.213],[3.849,-0.037],[3.849,-0.838],[-0.276,-1.284],[-0.879,-0.193],[-3.849,-0.064],[-3.849,1.004],[0.332,1.285]],"o":[[-3.849,-1.005],[-3.849,0.064],[-1.278,0.278],[0.203,0.942],[3.849,0.836],[3.849,0.038],[1.277,-0.334],[-0.225,-0.872]],"v":[[-54.525,-12.412],[-66.074,-13.557],[-77.622,-12.412],[-79.436,-9.584],[-77.622,-7.761],[-66.074,-6.617],[-54.525,-7.761],[-52.812,-10.691]],"c":true},"ix":2},"nm":"Path 1","mn":"ADBE Vector Shape - Group","hd":false},{"ind":1,"ty":"sh","ix":2,"ks":{"a":0,"k":{"i":[[1.162,0.067],[9.639,0.219],[9.64,-0.071],[9.64,-0.253],[9.639,-0.434],[-0.056,-1.284],[-1.181,-0.057],[-9.639,-0.168],[-9.639,-0.106],[-9.64,0.075],[-9.639,0.528],[0.07,1.285]],"o":[[-9.639,-0.53],[-9.64,-0.075],[-9.639,0.107],[-9.639,0.17],[-1.278,0.056],[0.055,1.211],[9.639,0.434],[9.64,0.256],[9.64,0.071],[9.639,-0.219],[1.279,-0.07],[-0.064,-1.194]],"v":[[77.454,-12.377],[48.536,-13.335],[19.616,-13.505],[-9.303,-13.218],[-38.223,-12.377],[-40.434,-9.949],[-38.223,-7.727],[-9.303,-6.889],[19.616,-6.6],[48.536,-6.77],[77.454,-7.727],[79.643,-10.18]],"c":true},"ix":2},"nm":"Path 2","mn":"ADBE Vector Shape - Group","hd":false},{"ind":2,"ty":"sh","ix":3,"ks":{"a":0,"k":{"i":[[0.81,0.212],[3.85,-0.037],[3.851,-0.838],[-0.276,-1.284],[-0.879,-0.193],[-3.849,-0.063],[-3.85,1.005],[0.333,1.284]],"o":[[-3.85,-1.005],[-3.849,0.063],[-1.277,0.278],[0.203,0.941],[3.851,0.837],[3.85,0.038],[1.278,-0.333],[-0.224,-0.872]],"v":[[53.143,7.742],[41.594,6.597],[30.045,7.742],[28.232,10.569],[30.045,12.392],[41.594,13.536],[53.143,12.392],[54.855,9.463]],"c":true},"ix":2},"nm":"Path 3","mn":"ADBE Vector Shape - Group","hd":false},{"ind":3,"ty":"sh","ix":4,"ks":{"a":0,"k":{"i":[[-0.097,-1.15],[1.277,-0.109],[6.212,-0.219],[6.212,0.074],[6.212,0.254],[6.212,0.434],[0.081,1.174],[-1.278,0.088],[-6.211,0.169],[-6.212,0.107],[-6.211,-0.151],[-6.212,-0.529]],"o":[[0.108,1.284],[-6.212,0.529],[-6.211,0.15],[-6.212,-0.107],[-6.211,-0.17],[-1.137,-0.078],[-0.089,-1.286],[6.212,-0.434],[6.212,-0.254],[6.212,-0.075],[6.212,0.219],[1.108,0.093]],"v":[[11.233,9.87],[9.116,12.392],[-9.521,13.349],[-28.156,13.52],[-46.791,13.232],[-65.426,12.392],[-67.579,10.229],[-65.426,7.742],[-46.791,6.902],[-28.156,6.614],[-9.521,6.785],[9.116,7.742]],"c":true},"ix":2},"nm":"Path 4","mn":"ADBE Vector Shape - Group","hd":false},{"ty":"fl","c":{"a":0,"k":[0.882352941176,0.886274509804,0.886274509804,1],"ix":4},"o":{"a":0,"k":100,"ix":5},"r":1,"nm":"Fill 1","mn":"ADBE Vector Graphic - Fill","hd":false},{"ty":"tr","p":{"a":0,"k":[113.584,60.612],"ix":2},"a":{"a":0,"k":[0,0],"ix":1},"s":{"a":0,"k":[100,100],"ix":3},"r":{"a":0,"k":0,"ix":6},"o":{"a":0,"k":100,"ix":7},"sk":{"a":0,"k":0,"ix":4},"sa":{"a":0,"k":0,"ix":5},"nm":"Transform"}],"nm":"Group 1","np":5,"cix":2,"ix":1,"mn":"ADBE Vector Group","hd":false},{"ty":"gr","it":[{"ind":0,"ty":"sh","ix":1,"ks":{"a":0,"k":{"i":[[0,5.545],[0,0],[0,0],[0,0],[0,0]],"o":[[0,0],[0,0],[0,0],[0,0],[5.525,0]],"v":[[39.855,3.918],[39.855,-13.956],[-39.855,-13.956],[-39.855,13.956],[29.851,13.956]],"c":true},"ix":2},"nm":"Path 1","mn":"ADBE Vector Shape - Group","hd":false},{"ty":"fl","c":{"a":0,"k":[0.003921568627,0.376470588235,0.529411764706,1],"ix":4},"o":{"a":0,"k":100,"ix":5},"r":1,"nm":"Fill 1","mn":"ADBE Vector Graphic - Fill","hd":false},{"ty":"tr","p":{"a":0,"k":[113.857,108.956],"ix":2},"a":{"a":0,"k":[0,0],"ix":1},"s":{"a":0,"k":[100,100],"ix":3},"r":{"a":0,"k":0,"ix":6},"o":{"a":0,"k":100,"ix":7},"sk":{"a":0,"k":0,"ix":4},"sa":{"a":0,"k":0,"ix":5},"nm":"Transform"}],"nm":"Group 2","np":2,"cix":2,"ix":2,"mn":"ADBE Vector Group","hd":false},{"ty":"gr","it":[{"ind":0,"ty":"sh","ix":1,"ks":{"a":0,"k":{"i":[[0,0],[0,0],[0,0],[0,0]],"o":[[0,0],[0,0],[0,0],[0,0]],"v":[[-95.5,54.501],[95.5,54.501],[95.5,-54.501],[-95.5,-54.501]],"c":true},"ix":2},"nm":"Path 1","mn":"ADBE Vector Shape - Group","hd":false},{"ty":"fl","c":{"a":0,"k":[1,1,1,1],"ix":4},"o":{"a":0,"k":100,"ix":5},"r":1,"nm":"Fill 1","mn":"ADBE Vector Graphic - Fill","hd":false},{"ty":"tr","p":{"a":0,"k":[114.5,80.501],"ix":2},"a":{"a":0,"k":[0,0],"ix":1},"s":{"a":0,"k":[100,100],"ix":3},"r":{"a":0,"k":0,"ix":6},"o":{"a":0,"k":100,"ix":7},"sk":{"a":0,"k":0,"ix":4},"sa":{"a":0,"k":0,"ix":5},"nm":"Transform"}],"nm":"Group 3","np":2,"cix":2,"ix":3,"mn":"ADBE Vector Group","hd":false}],"ip":0,"op":419,"st":0,"bm":0},{"ddd":0,"ind":2,"ty":4,"nm":"iPhone Outlines","sr":1,"ks":{"o":{"a":0,"k":100,"ix":11},"r":{"a":0,"k":0,"ix":10},"p":{"a":0,"k":[155,305,0],"ix":2},"a":{"a":0,"k":[153,303,0],"ix":1},"s":{"a":0,"k":[100,100,100],"ix":6}},"ao":0,"shapes":[{"ty":"gr","it":[{"ind":0,"ty":"sh","ix":1,"ks":{"a":0,"k":{"i":[[0,0],[0,0],[0,0],[0,0]],"o":[[0,0],[0,0],[0,0],[0,0]],"v":[[-135,27],[135,27],[135,-27],[-135,-27]],"c":true},"ix":2},"nm":"Path 1","mn":"ADBE Vector Shape - Group","hd":false},{"ty":"fl","c":{"a":0,"k":[0.003921568627,0.376470588235,0.529411764706,1],"ix":4},"o":{"a":0,"k":100,"ix":5},"r":1,"nm":"Fill 1","mn":"ADBE Vector Graphic - Fill","hd":false},{"ty":"tr","p":{"a":0,"k":[153,84],"ix":2},"a":{"a":0,"k":[0,0],"ix":1},"s":{"a":0,"k":[100,100],"ix":3},"r":{"a":0,"k":0,"ix":6},"o":{"a":0,"k":100,"ix":7},"sk":{"a":0,"k":0,"ix":4},"sa":{"a":0,"k":0,"ix":5},"nm":"Transform"}],"nm":"Group 1","np":2,"cix":2,"ix":1,"mn":"ADBE Vector Group","hd":false},{"ty":"gr","it":[{"ind":0,"ty":"sh","ix":1,"ks":{"a":0,"k":{"i":[[0,0],[0,0],[0,0],[0,0]],"o":[[0,0],[0,0],[0,0],[0,0]],"v":[[-135,217.5],[135,217.5],[135,-217.5],[-135,-217.5]],"c":true},"ix":2},"nm":"Path 1","mn":"ADBE Vector Shape - Group","hd":false},{"ty":"fl","c":{"a":0,"k":[0.964705882353,0.964705882353,0.964705882353,1],"ix":4},"o":{"a":0,"k":100,"ix":5},"r":1,"nm":"Fill 1","mn":"ADBE Vector Graphic - Fill","hd":false},{"ty":"tr","p":{"a":0,"k":[153,328.5],"ix":2},"a":{"a":0,"k":[0,0],"ix":1},"s":{"a":0,"k":[100,100],"ix":3},"r":{"a":0,"k":0,"ix":6},"o":{"a":0,"k":100,"ix":7},"sk":{"a":0,"k":0,"ix":4},"sa":{"a":0,"k":0,"ix":5},"nm":"Transform"}],"nm":"Group 2","np":2,"cix":2,"ix":2,"mn":"ADBE Vector Group","hd":false},{"ty":"gr","it":[{"ind":0,"ty":"sh","ix":1,"ks":{"a":0,"k":{"i":[[0,0],[0,-23.1],[0,0],[-23.1,0],[0,0],[0,23.1],[0,0],[23.1,0]],"o":[[-23.1,0],[0,0],[0,23.1],[0,0],[23.1,0],[0,0],[0,-23.1],[0,0]],"v":[[-111,-303],[-153,-261],[-153,261],[-111,303],[111,303],[153,261],[153,-261],[111,-303]],"c":true},"ix":2},"nm":"Path 1","mn":"ADBE Vector Shape - Group","hd":false},{"ty":"fl","c":{"a":0,"k":[0.137254901961,0.207843137255,0.294117647059,1],"ix":4},"o":{"a":0,"k":100,"ix":5},"r":1,"nm":"Fill 1","mn":"ADBE Vector Graphic - Fill","hd":false},{"ty":"tr","p":{"a":0,"k":[153,303],"ix":2},"a":{"a":0,"k":[0,0],"ix":1},"s":{"a":0,"k":[100,100],"ix":3},"r":{"a":0,"k":0,"ix":6},"o":{"a":0,"k":100,"ix":7},"sk":{"a":0,"k":0,"ix":4},"sa":{"a":0,"k":0,"ix":5},"nm":"Transform"}],"nm":"Group 3","np":2,"cix":2,"ix":3,"mn":"ADBE Vector Group","hd":false}],"ip":0,"op":419,"st":0,"bm":0}],"markers":[]}