{"v":"5.3.4","fr":30,"ip":0,"op":135,"w":310,"h":464,"nm":"post-on-the-go","ddd":0,"assets":[],"layers":[{"ddd":0,"ind":1,"ty":4,"nm":"Layer 4 Outlines","sr":1,"ks":{"o":{"a":1,"k":[{"i":{"x":[0.833],"y":[0.833]},"o":{"x":[0.167],"y":[0.167]},"n":["0p833_0p833_0p167_0p167"],"t":34,"s":[0],"e":[100]},{"i":{"x":[0.833],"y":[0.833]},"o":{"x":[0.167],"y":[0.167]},"n":["0p833_0p833_0p167_0p167"],"t":36,"s":[100],"e":[100]},{"i":{"x":[0.833],"y":[0.833]},"o":{"x":[0.167],"y":[0.167]},"n":["0p833_0p833_0p167_0p167"],"t":82,"s":[100],"e":[0]},{"t":84}],"ix":11},"r":{"a":0,"k":0,"ix":10},"p":{"a":0,"k":[155.028,232.392,0],"ix":2},"a":{"a":0,"k":[115,100,0],"ix":1},"s":{"a":0,"k":[100,100,100],"ix":6}},"ao":0,"shapes":[{"ty":"gr","it":[{"ind":0,"ty":"sh","ix":1,"ks":{"a":0,"k":{"i":[[-1.047,0.228],[-4.59,0.075],[-4.589,-1.191],[0.396,-1.524],[0.966,-0.253],[4.589,0.044],[4.59,0.992],[-0.329,1.524]],"o":[[4.59,-0.993],[4.589,-0.045],[1.524,0.395],[-0.267,1.034],[-4.589,1.191],[-4.59,-0.075],[-1.522,-0.329],[0.241,-1.116]],"v":[[-13.742,-2.757],[0.027,-4.115],[13.794,-2.757],[15.836,0.717],[13.794,2.758],[0.027,4.116],[-13.742,2.758],[-15.903,-0.596]],"c":true},"ix":2},"nm":"Path 1","mn":"ADBE Vector Shape - Group","hd":false},{"ty":"fl","c":{"a":0,"k":[0.847058823529,0.870588235294,0.894117647059,1],"ix":4},"o":{"a":0,"k":100,"ix":5},"r":1,"nm":"Fill 1","mn":"ADBE Vector Graphic - Fill","hd":false},{"ty":"tr","p":{"a":0,"k":[169.994,185.684],"ix":2},"a":{"a":0,"k":[0,0],"ix":1},"s":{"a":0,"k":[100,100],"ix":3},"r":{"a":0,"k":0,"ix":6},"o":{"a":0,"k":100,"ix":7},"sk":{"a":0,"k":0,"ix":4},"sa":{"a":0,"k":0,"ix":5},"nm":"Transform"}],"nm":"Group 1","np":2,"cix":2,"ix":1,"mn":"ADBE Vector Group","hd":false}],"ip":22,"op":84,"st":22,"bm":0},{"ddd":0,"ind":2,"ty":4,"nm":"Layer 5 Outlines","sr":1,"ks":{"o":{"a":1,"k":[{"i":{"x":[0.833],"y":[0.833]},"o":{"x":[0.167],"y":[0.167]},"n":["0p833_0p833_0p167_0p167"],"t":28,"s":[0],"e":[100]},{"i":{"x":[0.833],"y":[0.833]},"o":{"x":[0.167],"y":[0.167]},"n":["0p833_0p833_0p167_0p167"],"t":30,"s":[100],"e":[100]},{"i":{"x":[0.833],"y":[0.833]},"o":{"x":[0.167],"y":[0.167]},"n":["0p833_0p833_0p167_0p167"],"t":84,"s":[100],"e":[0]},{"t":86}],"ix":11},"r":{"a":0,"k":0,"ix":10},"p":{"a":0,"k":[155.028,232.392,0],"ix":2},"a":{"a":0,"k":[115,100,0],"ix":1},"s":{"a":0,"k":[100,100,100],"ix":6}},"ao":0,"shapes":[{"ty":"gr","it":[{"ind":0,"ty":"sh","ix":1,"ks":{"a":0,"k":{"i":[[-1.047,0.228],[-4.589,0.075],[-4.589,-1.191],[0.395,-1.524],[0.965,-0.253],[4.59,0.044],[4.589,0.992],[-0.329,1.524]],"o":[[4.589,-0.993],[4.59,-0.045],[1.523,0.395],[-0.268,1.034],[-4.589,1.191],[-4.589,-0.075],[-1.523,-0.329],[0.242,-1.116]],"v":[[-13.741,-2.757],[0.027,-4.115],[13.795,-2.757],[15.837,0.717],[13.795,2.758],[0.027,4.116],[-13.741,2.758],[-15.903,-0.596]],"c":true},"ix":2},"nm":"Path 1","mn":"ADBE Vector Shape - Group","hd":false},{"ty":"fl","c":{"a":0,"k":[0.847058823529,0.870588235294,0.894117647059,1],"ix":4},"o":{"a":0,"k":100,"ix":5},"r":1,"nm":"Fill 1","mn":"ADBE Vector Graphic - Fill","hd":false},{"ty":"tr","p":{"a":0,"k":[126.146,185.684],"ix":2},"a":{"a":0,"k":[0,0],"ix":1},"s":{"a":0,"k":[100,100],"ix":3},"r":{"a":0,"k":0,"ix":6},"o":{"a":0,"k":100,"ix":7},"sk":{"a":0,"k":0,"ix":4},"sa":{"a":0,"k":0,"ix":5},"nm":"Transform"}],"nm":"Group 1","np":2,"cix":2,"ix":1,"mn":"ADBE Vector Group","hd":false}],"ip":20,"op":86,"st":20,"bm":0},{"ddd":0,"ind":3,"ty":4,"nm":"Layer 6 Outlines","sr":1,"ks":{"o":{"a":1,"k":[{"i":{"x":[0.833],"y":[0.833]},"o":{"x":[0.167],"y":[0.167]},"n":["0p833_0p833_0p167_0p167"],"t":25,"s":[0],"e":[100]},{"i":{"x":[0.833],"y":[0.833]},"o":{"x":[0.167],"y":[0.167]},"n":["0p833_0p833_0p167_0p167"],"t":27,"s":[100],"e":[100]},{"i":{"x":[0.833],"y":[0.833]},"o":{"x":[0.167],"y":[0.167]},"n":["0p833_0p833_0p167_0p167"],"t":87,"s":[100],"e":[0]},{"t":89}],"ix":11},"r":{"a":0,"k":0,"ix":10},"p":{"a":0,"k":[155.028,232.392,0],"ix":2},"a":{"a":0,"k":[115,100,0],"ix":1},"s":{"a":0,"k":[100,100,100],"ix":6}},"ao":0,"shapes":[{"ty":"gr","it":[{"ind":0,"ty":"sh","ix":1,"ks":{"a":0,"k":{"i":[[-1.357,0.093],[-7.415,0.2],[-7.415,0.127],[-7.415,-0.179],[-7.415,-0.628],[0.13,-1.524],[1.323,-0.111],[7.415,-0.26],[7.416,0.088],[7.415,0.301],[7.415,0.514],[-0.106,1.525]],"o":[[7.415,-0.515],[7.415,-0.303],[7.416,-0.089],[7.415,0.259],[1.525,0.129],[-0.115,1.367],[-7.415,0.628],[-7.415,0.179],[-7.415,-0.127],[-7.415,-0.202],[-1.525,-0.106],[0.097,-1.396]],"v":[[-44.611,-2.761],[-22.365,-3.757],[-0.12,-4.1],[22.126,-3.897],[44.372,-2.761],[46.899,0.234],[44.372,2.762],[22.126,3.898],[-0.12,4.101],[-22.365,3.759],[-44.611,2.762],[-47.181,-0.191]],"c":true},"ix":2},"nm":"Path 1","mn":"ADBE Vector Shape - Group","hd":false},{"ty":"fl","c":{"a":0,"k":[0.847058823529,0.870588235294,0.894117647059,1],"ix":4},"o":{"a":0,"k":100,"ix":5},"r":1,"nm":"Fill 1","mn":"ADBE Vector Graphic - Fill","hd":false},{"ty":"tr","p":{"a":0,"k":[47.029,185.684],"ix":2},"a":{"a":0,"k":[0,0],"ix":1},"s":{"a":0,"k":[100,100],"ix":3},"r":{"a":0,"k":0,"ix":6},"o":{"a":0,"k":100,"ix":7},"sk":{"a":0,"k":0,"ix":4},"sa":{"a":0,"k":0,"ix":5},"nm":"Transform"}],"nm":"Group 1","np":2,"cix":2,"ix":1,"mn":"ADBE Vector Group","hd":false}],"ip":17,"op":89,"st":17,"bm":0},{"ddd":0,"ind":4,"ty":4,"nm":"Layer 3 Outlines","sr":1,"ks":{"o":{"a":1,"k":[{"i":{"x":[0.833],"y":[0.833]},"o":{"x":[0.167],"y":[0.167]},"n":["0p833_0p833_0p167_0p167"],"t":16,"s":[0],"e":[100]},{"i":{"x":[0.833],"y":[0.833]},"o":{"x":[0.167],"y":[0.167]},"n":["0p833_0p833_0p167_0p167"],"t":18,"s":[100],"e":[100]},{"i":{"x":[0.833],"y":[0.833]},"o":{"x":[0.167],"y":[0.167]},"n":["0p833_0p833_0p167_0p167"],"t":93,"s":[100],"e":[0]},{"t":95}],"ix":11},"r":{"a":0,"k":0,"ix":10},"p":{"a":0,"k":[155.028,232.392,0],"ix":2},"a":{"a":0,"k":[115,100,0],"ix":1},"s":{"a":0,"k":[100,100,100],"ix":6}},"ao":0,"shapes":[{"ty":"gr","it":[{"ind":0,"ty":"sh","ix":1,"ks":{"a":0,"k":{"i":[[-1.302,0.067],[-10.625,0.201],[-10.625,0.127],[-10.625,-0.089],[-10.625,-0.629],[0.077,-1.525],[1.279,-0.081],[10.624,-0.259],[10.624,0.084],[10.624,0.302],[10.624,0.515],[-0.063,1.525]],"o":[[10.624,-0.515],[10.624,-0.302],[10.624,-0.084],[10.624,0.26],[1.408,0.083],[-0.071,1.419],[-10.625,0.628],[-10.625,0.09],[-10.625,-0.127],[-10.625,-0.201],[-1.409,-0.068],[0.06,-1.439]],"v":[[-63.704,-2.761],[-31.83,-3.758],[0.043,-4.1],[31.917,-3.898],[63.79,-2.761],[66.2,0.151],[63.79,2.761],[31.917,3.897],[0.043,4.1],[-31.83,3.758],[-63.704,2.761],[-66.14,-0.123]],"c":true},"ix":2},"nm":"Path 1","mn":"ADBE Vector Shape - Group","hd":false},{"ty":"fl","c":{"a":0,"k":[0.847058823529,0.870588235294,0.894117647059,1],"ix":4},"o":{"a":0,"k":100,"ix":5},"r":1,"nm":"Fill 1","mn":"ADBE Vector Graphic - Fill","hd":false},{"ty":"tr","p":{"a":0,"k":[163.797,162.199],"ix":2},"a":{"a":0,"k":[0,0],"ix":1},"s":{"a":0,"k":[100,100],"ix":3},"r":{"a":0,"k":0,"ix":6},"o":{"a":0,"k":100,"ix":7},"sk":{"a":0,"k":0,"ix":4},"sa":{"a":0,"k":0,"ix":5},"nm":"Transform"}],"nm":"Group 1","np":2,"cix":2,"ix":1,"mn":"ADBE Vector Group","hd":false}],"ip":11,"op":95,"st":11,"bm":0},{"ddd":0,"ind":5,"ty":4,"nm":"Layer 7 Outlines","sr":1,"ks":{"o":{"a":1,"k":[{"i":{"x":[0.833],"y":[0.833]},"o":{"x":[0.167],"y":[0.167]},"n":["0p833_0p833_0p167_0p167"],"t":9,"s":[0],"e":[100]},{"i":{"x":[0.833],"y":[0.833]},"o":{"x":[0.167],"y":[0.167]},"n":["0p833_0p833_0p167_0p167"],"t":11,"s":[100],"e":[100]},{"i":{"x":[0.833],"y":[0.833]},"o":{"x":[0.167],"y":[0.167]},"n":["0p833_0p833_0p167_0p167"],"t":95,"s":[100],"e":[0]},{"t":97}],"ix":11},"r":{"a":0,"k":0,"ix":10},"p":{"a":0,"k":[155.028,232.392,0],"ix":2},"a":{"a":0,"k":[115,100,0],"ix":1},"s":{"a":0,"k":[100,100,100],"ix":6}},"ao":0,"shapes":[{"ty":"gr","it":[{"ind":0,"ty":"sh","ix":1,"ks":{"a":0,"k":{"i":[[-1.33,0.107],[-6.293,0.2],[-6.293,0.127],[-6.294,-0.179],[-6.293,-0.628],[0.153,-1.525],[1.288,-0.126],[6.292,-0.26],[6.293,0.089],[6.293,0.301],[6.292,0.515],[-0.125,1.525]],"o":[[6.292,-0.515],[6.293,-0.303],[6.293,-0.089],[6.292,0.259],[1.525,0.152],[-0.133,1.338],[-6.293,0.629],[-6.294,0.179],[-6.293,-0.127],[-6.293,-0.202],[-1.525,-0.124],[0.112,-1.373]],"v":[[-37.884,-2.761],[-19.005,-3.757],[-0.126,-4.1],[18.754,-3.897],[37.633,-2.761],[40.118,0.276],[37.633,2.761],[18.754,3.898],[-0.126,4.1],[-19.005,3.759],[-37.884,2.761],[-40.42,-0.225]],"c":true},"ix":2},"nm":"Path 1","mn":"ADBE Vector Shape - Group","hd":false},{"ty":"fl","c":{"a":0,"k":[0.847058823529,0.870588235294,0.894117647059,1],"ix":4},"o":{"a":0,"k":100,"ix":5},"r":1,"nm":"Fill 1","mn":"ADBE Vector Graphic - Fill","hd":false},{"ty":"tr","p":{"a":0,"k":[40.271,162.189],"ix":2},"a":{"a":0,"k":[0,0],"ix":1},"s":{"a":0,"k":[100,100],"ix":3},"r":{"a":0,"k":0,"ix":6},"o":{"a":0,"k":100,"ix":7},"sk":{"a":0,"k":0,"ix":4},"sa":{"a":0,"k":0,"ix":5},"nm":"Transform"}],"nm":"Group 1","np":2,"cix":2,"ix":1,"mn":"ADBE Vector Group","hd":false}],"ip":9,"op":97,"st":9,"bm":0},{"ddd":0,"ind":6,"ty":4,"nm":"text-bodymovin Outlines 2","sr":1,"ks":{"o":{"a":0,"k":100,"ix":11},"r":{"a":0,"k":0,"ix":10},"p":{"a":0,"k":[155,232.087,0],"ix":2},"a":{"a":0,"k":[115,100,0],"ix":1},"s":{"a":0,"k":[100,100,100],"ix":6}},"ao":0,"shapes":[{"ty":"gr","it":[{"ind":0,"ty":"sh","ix":1,"ks":{"a":0,"k":{"i":[[0.242,-1.118],[-1.525,-0.33],[-4.596,-0.076],[-4.594,1.193],[-0.268,1.037],[1.526,0.396],[4.595,-0.044],[4.595,-0.993]],"o":[[-0.33,1.524],[4.595,0.995],[4.595,0.044],[0.967,-0.254],[0.396,-1.525],[-4.594,-1.192],[-4.596,0.076],[-1.049,0.228]],"v":[[-114.981,28.062],[-112.816,31.42],[-99.03,32.78],[-85.245,31.42],[-83.2,29.375],[-85.245,25.897],[-99.03,24.538],[-112.816,25.897]],"c":true},"ix":2},"nm":"Path 1","mn":"ADBE Vector Shape - Group","hd":false},{"ind":1,"ty":"sh","ix":2,"ks":{"a":0,"k":{"i":[[0.06,-1.438],[-1.408,-0.069],[-10.625,-0.201],[-10.625,-0.126],[-10.625,0.09],[-10.625,0.628],[-0.071,1.419],[1.408,0.084],[10.624,0.259],[10.624,-0.085],[10.624,-0.302],[10.624,-0.514]],"o":[[-0.063,1.526],[10.624,0.514],[10.624,0.302],[10.624,0.085],[10.624,-0.259],[1.279,-0.081],[0.077,-1.526],[-10.625,-0.628],[-10.625,-0.09],[-10.625,0.127],[-10.625,0.201],[-1.302,0.068]],"v":[[-17.344,-28.749],[-14.908,-25.863],[16.966,-24.867],[48.839,-24.525],[80.713,-24.728],[112.586,-25.863],[114.996,-28.474],[112.586,-31.387],[80.713,-32.522],[48.839,-32.725],[16.966,-32.383],[-14.908,-31.387]],"c":true},"ix":2},"nm":"Path 2","mn":"ADBE Vector Shape - Group","hd":false},{"ind":2,"ty":"sh","ix":3,"ks":{"a":0,"k":{"i":[[0.112,-1.372],[-1.525,-0.125],[-6.293,-0.201],[-6.293,-0.127],[-6.294,0.179],[-6.293,0.628],[-0.134,1.338],[1.525,0.152],[6.292,0.26],[6.293,-0.088],[6.294,-0.302],[6.293,-0.515]],"o":[[-0.125,1.525],[6.293,0.515],[6.294,0.302],[6.293,0.088],[6.292,-0.26],[1.288,-0.128],[0.152,-1.525],[-6.293,-0.628],[-6.294,-0.179],[-6.293,0.127],[-6.293,0.201],[-1.329,0.107]],"v":[[-115.149,-28.861],[-112.613,-25.874],[-93.734,-24.878],[-74.855,-24.535],[-55.975,-24.738],[-37.096,-25.874],[-34.61,-28.36],[-37.096,-31.397],[-55.975,-32.533],[-74.855,-32.736],[-93.734,-32.393],[-112.613,-31.397]],"c":true},"ix":2},"nm":"Path 3","mn":"ADBE Vector Shape - Group","hd":false},{"ind":3,"ty":"sh","ix":4,"ks":{"a":0,"k":{"i":[[0.065,-1.438],[-1.526,-0.067],[-11.508,-0.201],[-11.508,-0.127],[-11.508,0.089],[-11.508,0.629],[-0.077,1.419],[1.525,0.083],[11.507,0.259],[11.507,-0.084],[11.507,-0.303],[11.507,-0.515]],"o":[[-0.068,1.525],[11.507,0.515],[11.507,0.302],[11.507,0.084],[11.507,-0.26],[1.385,-0.08],[0.084,-1.525],[-11.508,-0.628],[-11.508,-0.09],[-11.508,0.127],[-11.508,0.2],[-1.41,0.067]],"v":[[-68.421,28.495],[-65.783,31.379],[-31.26,32.376],[3.262,32.718],[37.785,32.516],[72.308,31.379],[74.918,28.769],[72.308,25.857],[37.785,24.721],[3.262,24.518],[-31.26,24.861],[-65.783,25.857]],"c":true},"ix":2},"nm":"Path 4","mn":"ADBE Vector Shape - Group","hd":false},{"ind":4,"ty":"sh","ix":5,"ks":{"a":0,"k":{"i":[[0.242,-1.117],[-1.525,-0.33],[-4.596,-0.075],[-4.596,1.192],[-0.268,1.036],[1.525,0.396],[4.596,-0.044],[4.595,-0.994]],"o":[[-0.329,1.526],[4.595,0.994],[4.596,0.044],[0.967,-0.253],[0.396,-1.525],[-4.596,-1.193],[-4.596,0.075],[-1.049,0.229]],"v":[[-0.778,-0.621],[1.387,2.738],[15.173,4.097],[28.959,2.738],[31.003,0.693],[28.959,-2.785],[15.173,-4.144],[1.387,-2.785]],"c":true},"ix":2},"nm":"Path 5","mn":"ADBE Vector Shape - Group","hd":false},{"ind":5,"ty":"sh","ix":6,"ks":{"a":0,"k":{"i":[[-1.357,0.093],[-7.415,0.201],[-7.415,0.127],[-7.415,-0.179],[-7.415,-0.629],[0.129,-1.525],[1.323,-0.111],[7.415,-0.259],[7.415,0.089],[7.416,0.303],[7.415,0.514],[-0.106,1.525]],"o":[[7.415,-0.514],[7.416,-0.302],[7.415,-0.088],[7.415,0.259],[1.526,0.129],[-0.116,1.367],[-7.415,0.628],[-7.415,0.179],[-7.415,-0.127],[-7.415,-0.2],[-1.525,-0.106],[0.096,-1.396]],"v":[[-112.582,-2.785],[-90.336,-3.782],[-68.09,-4.124],[-45.844,-3.921],[-23.599,-2.785],[-21.071,0.21],[-23.599,2.738],[-45.844,3.874],[-68.09,4.077],[-90.336,3.734],[-112.582,2.738],[-115.151,-0.215]],"c":true},"ix":2},"nm":"Path 6","mn":"ADBE Vector Shape - Group","hd":false},{"ty":"fl","c":{"a":0,"k":[0.847058823529,0.870588235294,0.894117647059,1],"ix":4},"o":{"a":0,"k":100,"ix":5},"r":1,"nm":"Fill 1","mn":"ADBE Vector Graphic - Fill","hd":false},{"ty":"tr","p":{"a":0,"k":[115,104.848],"ix":2},"a":{"a":0,"k":[0,0],"ix":1},"s":{"a":0,"k":[100,100],"ix":3},"r":{"a":0,"k":0,"ix":6},"o":{"a":0,"k":100,"ix":7},"sk":{"a":0,"k":0,"ix":4},"sa":{"a":0,"k":0,"ix":5},"nm":"Transform"}],"nm":"Group 7","np":7,"cix":2,"ix":1,"mn":"ADBE Vector Group","hd":false}],"ip":0,"op":419,"st":0,"bm":0},{"ddd":0,"ind":7,"ty":4,"nm":"text-bodymovin Outlines","sr":1,"ks":{"o":{"a":0,"k":100,"ix":11},"r":{"a":0,"k":0,"ix":10},"p":{"a":0,"k":[155,232.087,0],"ix":2},"a":{"a":0,"k":[115,100,0],"ix":1},"s":{"a":0,"k":[100,100,100],"ix":6}},"ao":0,"shapes":[{"ty":"gr","it":[{"ind":0,"ty":"sh","ix":1,"ks":{"a":0,"k":{"i":[[0,0],[0,0],[0,0],[12.516,0],[0,0],[0,0]],"o":[[0,0],[0,0],[0,-12.516],[0,0],[0,0],[0,0]],"v":[[-96.144,18.343],[115.035,18.343],[115.035,4.32],[92.373,-18.343],[-115,-18.343],[-115,18.343]],"c":false},"ix":2},"nm":"Path 1","mn":"ADBE Vector Shape - Group","hd":false},{"ty":"fl","c":{"a":0,"k":[0.435294117647,0.576470588235,0.678431372549,1],"ix":4},"o":{"a":0,"k":100,"ix":5},"r":1,"nm":"Fill 1","mn":"ADBE Vector Graphic - Fill","hd":false},{"ty":"tr","p":{"a":0,"k":[115,18.343],"ix":2},"a":{"a":0,"k":[0,0],"ix":1},"s":{"a":0,"k":[100,100],"ix":3},"r":{"a":0,"k":0,"ix":6},"o":{"a":0,"k":100,"ix":7},"sk":{"a":0,"k":0,"ix":4},"sa":{"a":0,"k":0,"ix":5},"nm":"Transform"}],"nm":"Group 6","np":2,"cix":2,"ix":1,"mn":"ADBE Vector Group","hd":false}],"ip":0,"op":419,"st":0,"bm":0},{"ddd":0,"ind":8,"ty":4,"nm":"Image Outlines","sr":1,"ks":{"o":{"a":0,"k":100,"ix":11},"r":{"a":0,"k":0,"ix":10},"p":{"a":1,"k":[{"i":{"x":0.833,"y":0.833},"o":{"x":0.167,"y":0.167},"n":"0p833_0p833_0p167_0p167","t":10,"s":[155,374,0],"e":[155,402,0],"to":[0,4.66666650772095,0],"ti":[0,-4.66666650772095,0]},{"i":{"x":0.833,"y":0.833},"o":{"x":0.167,"y":0.167},"n":"0p833_0p833_0p167_0p167","t":12,"s":[155,402,0],"e":[155,402,0],"to":[0,0,0],"ti":[0,0,0]},{"i":{"x":0.833,"y":0.833},"o":{"x":0.167,"y":0.167},"n":"0p833_0p833_0p167_0p167","t":25,"s":[155,402,0],"e":[155,430,0],"to":[0,4.66666650772095,0],"ti":[0,-4.66666650772095,0]},{"i":{"x":0.833,"y":0.833},"o":{"x":0.167,"y":0.167},"n":"0p833_0p833_0p167_0p167","t":27,"s":[155,430,0],"e":[155,430,0],"to":[0,0,0],"ti":[0,0,0]},{"i":{"x":0.833,"y":0.833},"o":{"x":0.167,"y":0.167},"n":"0p833_0p833_0p167_0p167","t":87,"s":[155,430,0],"e":[155,402,0],"to":[0,-4.66666650772095,0],"ti":[0,4.66666650772095,0]},{"i":{"x":0.833,"y":0.833},"o":{"x":0.167,"y":0.167},"n":"0p833_0p833_0p167_0p167","t":89,"s":[155,402,0],"e":[155,402,0],"to":[0,0,0],"ti":[0,0,0]},{"i":{"x":0.833,"y":0.833},"o":{"x":0.167,"y":0.167},"n":"0p833_0p833_0p167_0p167","t":94,"s":[155,402,0],"e":[155,374,0],"to":[0,-4.66666650772095,0],"ti":[0,4.66666650772095,0]},{"t":96}],"ix":2},"a":{"a":0,"k":[115,70,0],"ix":1},"s":{"a":0,"k":[100,100,100],"ix":6}},"ao":0,"shapes":[{"ty":"gr","it":[{"ind":0,"ty":"sh","ix":1,"ks":{"a":0,"k":{"i":[[0,-12.15],[12.15,0],[0,12.15],[-12.15,0]],"o":[[0,12.15],[-12.15,0],[0,-12.15],[12.15,0]],"v":[[22,0],[0,22],[-22,0],[0,-22]],"c":true},"ix":2},"nm":"Path 1","mn":"ADBE Vector Shape - Group","hd":false},{"ty":"fl","c":{"a":0,"k":[1,1,1,1],"ix":4},"o":{"a":0,"k":100,"ix":5},"r":1,"nm":"Fill 1","mn":"ADBE Vector Graphic - Fill","hd":false},{"ty":"tr","p":{"a":0,"k":[191.039,37.805],"ix":2},"a":{"a":0,"k":[0,0],"ix":1},"s":{"a":0,"k":[100,100],"ix":3},"r":{"a":0,"k":0,"ix":6},"o":{"a":0,"k":100,"ix":7},"sk":{"a":0,"k":0,"ix":4},"sa":{"a":0,"k":0,"ix":5},"nm":"Transform"}],"nm":"Group 1","np":2,"cix":2,"ix":1,"mn":"ADBE Vector Group","hd":false},{"ty":"gr","it":[{"ind":0,"ty":"sh","ix":1,"ks":{"a":0,"k":{"i":[[0,1.83],[0,0],[26.664,3.881],[44.378,51.841],[0,0],[0,0]],"o":[[0,0],[-11.598,-14.112],[-48.045,-6.995],[0,0],[0,0],[1.83,0]],"v":[[115,46.772],[115,19.79],[56.449,-6.075],[-115,-50.085],[-115,50.085],[111.687,50.085]],"c":true},"ix":2},"nm":"Path 1","mn":"ADBE Vector Shape - Group","hd":false},{"ty":"fl","c":{"a":0,"k":[0.435294117647,0.576470588235,0.678431372549,1],"ix":4},"o":{"a":0,"k":100,"ix":5},"r":1,"nm":"Fill 1","mn":"ADBE Vector Graphic - Fill","hd":false},{"ty":"tr","p":{"a":0,"k":[115,89.771],"ix":2},"a":{"a":0,"k":[0,0],"ix":1},"s":{"a":0,"k":[100,100],"ix":3},"r":{"a":0,"k":0,"ix":6},"o":{"a":0,"k":100,"ix":7},"sk":{"a":0,"k":0,"ix":4},"sa":{"a":0,"k":0,"ix":5},"nm":"Transform"}],"nm":"Group 2","np":2,"cix":2,"ix":2,"mn":"ADBE Vector Group","hd":false},{"ty":"gr","it":[{"ind":0,"ty":"sh","ix":1,"ks":{"a":0,"k":{"i":[[1.83,0],[0,0],[0,0],[0,0],[0,0]],"o":[[0,0],[0,0],[0,0],[0,0],[0,1.83]],"v":[[111.687,69.855],[-115,69.855],[-115,-69.855],[115,-69.855],[115,66.542]],"c":true},"ix":2},"nm":"Path 1","mn":"ADBE Vector Shape - Group","hd":false},{"ty":"fl","c":{"a":0,"k":[0.733333333333,0.788235294118,0.835294117647,1],"ix":4},"o":{"a":0,"k":100,"ix":5},"r":1,"nm":"Fill 1","mn":"ADBE Vector Graphic - Fill","hd":false},{"ty":"tr","p":{"a":0,"k":[115,70.001],"ix":2},"a":{"a":0,"k":[0,0],"ix":1},"s":{"a":0,"k":[100,100],"ix":3},"r":{"a":0,"k":0,"ix":6},"o":{"a":0,"k":100,"ix":7},"sk":{"a":0,"k":0,"ix":4},"sa":{"a":0,"k":0,"ix":5},"nm":"Transform"}],"nm":"Group 3","np":4,"cix":2,"ix":3,"mn":"ADBE Vector Group","hd":false}],"ip":0,"op":419,"st":0,"bm":0},{"ddd":0,"ind":9,"ty":4,"nm":"iPhone Outlines","sr":1,"ks":{"o":{"a":0,"k":100,"ix":11},"r":{"a":0,"k":0,"ix":10},"p":{"a":0,"k":[155,305,0],"ix":2},"a":{"a":0,"k":[153,303,0],"ix":1},"s":{"a":0,"k":[100,100,100],"ix":6}},"ao":0,"shapes":[{"ty":"gr","it":[{"ind":0,"ty":"sh","ix":1,"ks":{"a":0,"k":{"i":[[0,0],[0,0],[0,0],[0,0]],"o":[[0,0],[0,0],[0,0],[0,0]],"v":[[-135,27],[135,27],[135,-27],[-135,-27]],"c":true},"ix":2},"nm":"Path 1","mn":"ADBE Vector Shape - Group","hd":false},{"ty":"fl","c":{"a":0,"k":[0.003921568627,0.376470588235,0.529411764706,1],"ix":4},"o":{"a":0,"k":100,"ix":5},"r":1,"nm":"Fill 1","mn":"ADBE Vector Graphic - Fill","hd":false},{"ty":"tr","p":{"a":0,"k":[153,84],"ix":2},"a":{"a":0,"k":[0,0],"ix":1},"s":{"a":0,"k":[100,100],"ix":3},"r":{"a":0,"k":0,"ix":6},"o":{"a":0,"k":100,"ix":7},"sk":{"a":0,"k":0,"ix":4},"sa":{"a":0,"k":0,"ix":5},"nm":"Transform"}],"nm":"Group 1","np":2,"cix":2,"ix":1,"mn":"ADBE Vector Group","hd":false},{"ty":"gr","it":[{"ind":0,"ty":"sh","ix":1,"ks":{"a":0,"k":{"i":[[0,0],[0,0],[0,0],[0,0]],"o":[[0,0],[0,0],[0,0],[0,0]],"v":[[-135,217.5],[135,217.5],[135,-217.5],[-135,-217.5]],"c":true},"ix":2},"nm":"Path 1","mn":"ADBE Vector Shape - Group","hd":false},{"ty":"fl","c":{"a":0,"k":[1,1,1,1],"ix":4},"o":{"a":0,"k":100,"ix":5},"r":1,"nm":"Fill 1","mn":"ADBE Vector Graphic - Fill","hd":false},{"ty":"tr","p":{"a":0,"k":[153,328.5],"ix":2},"a":{"a":0,"k":[0,0],"ix":1},"s":{"a":0,"k":[100,100],"ix":3},"r":{"a":0,"k":0,"ix":6},"o":{"a":0,"k":100,"ix":7},"sk":{"a":0,"k":0,"ix":4},"sa":{"a":0,"k":0,"ix":5},"nm":"Transform"}],"nm":"Group 2","np":2,"cix":2,"ix":2,"mn":"ADBE Vector Group","hd":false},{"ty":"gr","it":[{"ind":0,"ty":"sh","ix":1,"ks":{"a":0,"k":{"i":[[0,0],[0,-23.1],[0,0],[-23.1,0],[0,0],[0,23.1],[0,0],[23.1,0]],"o":[[-23.1,0],[0,0],[0,23.1],[0,0],[23.1,0],[0,0],[0,-23.1],[0,0]],"v":[[-111,-303],[-153,-261],[-153,261],[-111,303],[111,303],[153,261],[153,-261],[111,-303]],"c":true},"ix":2},"nm":"Path 1","mn":"ADBE Vector Shape - Group","hd":false},{"ty":"fl","c":{"a":0,"k":[0.137254901961,0.207843137255,0.294117647059,1],"ix":4},"o":{"a":0,"k":100,"ix":5},"r":1,"nm":"Fill 1","mn":"ADBE Vector Graphic - Fill","hd":false},{"ty":"tr","p":{"a":0,"k":[153.328,303.21],"ix":2},"a":{"a":0,"k":[0,0],"ix":1},"s":{"a":0,"k":[100,100],"ix":3},"r":{"a":0,"k":0,"ix":6},"o":{"a":0,"k":100,"ix":7},"sk":{"a":0,"k":0,"ix":4},"sa":{"a":0,"k":0,"ix":5},"nm":"Transform"}],"nm":"Group 3","np":2,"cix":2,"ix":3,"mn":"ADBE Vector Group","hd":false}],"ip":0,"op":419,"st":0,"bm":0}],"markers":[]}