{"v":"4.7.0","fr":30,"ip":0,"op":150,"w":306,"h":462,"nm":"Reader","ddd":0,"assets":[],"layers":[{"ddd":0,"ind":1,"ty":4,"nm":"Mask Outlines","ks":{"o":{"a":0,"k":100},"r":{"a":0,"k":0},"p":{"a":0,"k":[152.724,28.147,0]},"a":{"a":0,"k":[135,217.5,0]},"s":{"a":0,"k":[84.074,13.103,100]}},"ao":0,"shapes":[{"ty":"gr","it":[{"ind":0,"ty":"sh","ix":1,"ks":{"a":0,"k":{"i":[[0,0]],"o":[[0,0]],"v":[[185.879,-169.017]],"c":false}},"nm":"Path 1","mn":"ADBE Vector Shape - Group"},{"ty":"st","c":{"a":0,"k":[1,1,1,1]},"o":{"a":0,"k":100},"w":{"a":0,"k":2},"lc":1,"lj":1,"ml":4,"nm":"Stroke 1","mn":"ADBE Vector Graphic - Stroke"},{"ty":"fl","c":{"a":0,"k":[0.1372549,0.2078431,0.2941176,1]},"o":{"a":0,"k":100},"r":1,"nm":"Fill 1","mn":"ADBE Vector Graphic - Fill"},{"ty":"tr","p":{"a":0,"k":[0,0],"ix":2},"a":{"a":0,"k":[0,0],"ix":1},"s":{"a":0,"k":[100,100],"ix":3},"r":{"a":0,"k":0,"ix":6},"o":{"a":0,"k":100,"ix":7},"sk":{"a":0,"k":0,"ix":4},"sa":{"a":0,"k":0,"ix":5},"nm":"Transform"}],"nm":"Shape 1","np":3,"cix":2,"ix":1,"mn":"ADBE Vector Group"},{"ty":"gr","it":[{"ind":0,"ty":"sh","ix":1,"ks":{"a":0,"k":{"i":[[0,0],[0,0],[0,0],[0,0]],"o":[[0,0],[0,0],[0,0],[0,0]],"v":[[-134.937,27.126],[135.188,27.06],[135.25,-27.016],[-135,-27]],"c":true}},"nm":"Path 1","mn":"ADBE Vector Shape - Group"},{"ty":"fl","c":{"a":0,"k":[0.0039216,0.3764706,0.5294118,1]},"o":{"a":0,"k":100},"r":1,"nm":"Fill 1","mn":"ADBE Vector Graphic - Fill"},{"ty":"tr","p":{"a":0,"k":[135.174,643.654],"ix":2},"a":{"a":0,"k":[0,0],"ix":1},"s":{"a":0,"k":[118.777,759.676],"ix":3},"r":{"a":0,"k":0,"ix":6},"o":{"a":0,"k":100,"ix":7},"sk":{"a":0,"k":0,"ix":4},"sa":{"a":0,"k":0,"ix":5},"nm":"Transform"}],"nm":"Group 2","np":2,"cix":2,"ix":2,"mn":"ADBE Vector Group"},{"ty":"gr","it":[{"ind":0,"ty":"sh","ix":1,"ks":{"a":0,"k":{"i":[[0,0],[0,0],[0,0],[0,0],[0,0]],"o":[[0,0],[0,0],[0,0],[0,0],[0,0]],"v":[[-141.244,223.056],[146.374,223.056],[136.711,-211.481],[-136.783,-210.554],[-140.45,-160.256]],"c":true}},"nm":"Path 1","mn":"ADBE Vector Shape - Group"},{"ty":"fl","c":{"a":0,"k":[0.1372549,0.2078431,0.2941177,1]},"o":{"a":0,"k":100},"r":1,"nm":"Fill 1","mn":"ADBE Vector Graphic - Fill"},{"ty":"tr","p":{"a":0,"k":[135,217.5],"ix":2},"a":{"a":0,"k":[0,0],"ix":1},"s":{"a":0,"k":[100.332,103.011],"ix":3},"r":{"a":0,"k":0,"ix":6},"o":{"a":0,"k":100,"ix":7},"sk":{"a":0,"k":0,"ix":4},"sa":{"a":0,"k":0,"ix":5},"nm":"Transform"}],"nm":"Group 1","np":2,"cix":2,"ix":3,"mn":"ADBE Vector Group"}],"ip":0,"op":419,"st":0,"bm":0,"sr":1},{"ddd":0,"ind":2,"ty":4,"nm":"Cards Outlines","ks":{"o":{"a":0,"k":100},"r":{"a":0,"k":0},"p":{"s":true,"x":{"a":1,"k":[{"i":{"x":[0.967],"y":[1]},"o":{"x":[0.158],"y":[0]},"n":["0p967_1_0p158_0"],"t":10,"s":[153],"e":[153]},{"i":{"x":[0.833],"y":[1]},"o":{"x":[0.205],"y":[0]},"n":["0p833_1_0p205_0"],"t":46,"s":[153],"e":[153]},{"i":{"x":[0.985],"y":[1]},"o":{"x":[0.015],"y":[0]},"n":["0p985_1_0p015_0"],"t":90,"s":[153],"e":[153]},{"t":110}]},"y":{"a":1,"k":[{"i":{"x":[1],"y":[1]},"o":{"x":[0.167],"y":[0]},"n":["1_1_0p167_0"],"t":0,"s":[431],"e":[432]},{"i":{"x":[0.069],"y":[1]},"o":{"x":[0.216],"y":[0]},"n":["0p069_1_0p216_0"],"t":10,"s":[432],"e":[98]},{"i":{"x":[0.833],"y":[1]},"o":{"x":[0.205],"y":[0.185]},"n":["0p833_1_0p205_0p185"],"t":44,"s":[98],"e":[98]},{"i":{"x":[0],"y":[1]},"o":{"x":[0.301],"y":[0]},"n":["0_1_0p301_0"],"t":90,"s":[98],"e":[432]},{"t":118}]}},"a":{"a":0,"k":[115,300,0]},"s":{"a":0,"k":[100,100,100]}},"ao":0,"shapes":[{"ty":"gr","it":[{"ind":0,"ty":"sh","ix":1,"ks":{"a":0,"k":{"i":[[-1.047,-0.229],[-4.59,-0.075],[-4.589,1.191],[0.396,1.524],[0.966,0.253],[4.589,-0.044],[4.59,-0.992],[-0.329,-1.524]],"o":[[4.59,0.992],[4.589,0.044],[1.524,-0.396],[-0.267,-1.035],[-4.589,-1.191],[-4.59,0.075],[-1.522,0.329],[0.241,1.115]],"v":[[41.252,-80.641],[55.021,-79.284],[68.788,-80.641],[70.83,-84.115],[68.788,-86.157],[55.021,-87.514],[41.252,-86.157],[39.091,-82.802]],"c":true}},"nm":"Path 1","mn":"ADBE Vector Shape - Group"},{"ind":1,"ty":"sh","ix":2,"ks":{"a":0,"k":{"i":[[-1.048,-0.229],[-4.589,-0.075],[-4.588,1.191],[0.396,1.524],[0.966,0.253],[4.59,-0.044],[4.589,-0.992],[-0.329,-1.524]],"o":[[4.589,0.992],[4.59,0.044],[1.524,-0.396],[-0.267,-1.035],[-4.588,-1.191],[-4.589,0.075],[-1.523,0.329],[0.241,1.115]],"v":[[-2.595,-80.641],[11.173,-79.284],[24.94,-80.641],[26.982,-84.115],[24.94,-86.157],[11.173,-87.514],[-2.595,-86.157],[-4.757,-82.802]],"c":true}},"nm":"Path 2","mn":"ADBE Vector Shape - Group"},{"ind":2,"ty":"sh","ix":3,"ks":{"a":0,"k":{"i":[[-1.358,-0.093],[-7.415,-0.201],[-7.415,-0.127],[-7.415,0.178],[-7.415,0.628],[0.129,1.525],[1.323,0.112],[7.415,0.259],[7.415,-0.088],[7.416,-0.301],[7.415,-0.514],[-0.106,-1.526]],"o":[[7.415,0.515],[7.416,0.302],[7.415,0.088],[7.415,-0.26],[1.526,-0.129],[-0.116,-1.366],[-7.415,-0.627],[-7.415,-0.179],[-7.415,0.127],[-7.415,0.202],[-1.526,0.107],[0.096,1.395]],"v":[[-112.581,-80.637],[-90.336,-79.641],[-68.09,-79.298],[-45.844,-79.501],[-23.599,-80.637],[-21.071,-83.633],[-23.599,-86.161],[-45.844,-87.296],[-68.09,-87.499],[-90.336,-87.157],[-112.581,-86.161],[-115.151,-83.207]],"c":true}},"nm":"Path 3","mn":"ADBE Vector Shape - Group"},{"ind":3,"ty":"sh","ix":4,"ks":{"a":0,"k":{"i":[[0.241,-1.116],[-1.522,-0.329],[-4.59,-0.076],[-4.589,1.191],[-0.267,1.035],[1.524,0.396],[4.589,-0.044],[4.59,-0.992]],"o":[[-0.329,1.523],[4.59,0.993],[4.589,0.044],[0.966,-0.253],[0.396,-1.523],[-4.589,-1.191],[-4.59,0.075],[-1.047,0.229]],"v":[[39.091,177.251],[41.252,180.605],[55.021,181.963],[68.788,180.605],[70.83,178.563],[68.788,175.089],[55.021,173.732],[41.252,175.089]],"c":true}},"nm":"Path 4","mn":"ADBE Vector Shape - Group"},{"ind":4,"ty":"sh","ix":5,"ks":{"a":0,"k":{"i":[[0.241,-1.116],[-1.523,-0.329],[-4.589,-0.076],[-4.588,1.191],[-0.267,1.035],[1.524,0.396],[4.59,-0.044],[4.589,-0.992]],"o":[[-0.329,1.523],[4.589,0.993],[4.59,0.044],[0.966,-0.253],[0.396,-1.523],[-4.588,-1.191],[-4.589,0.075],[-1.048,0.229]],"v":[[-4.757,177.251],[-2.595,180.605],[11.173,181.963],[24.94,180.605],[26.982,178.563],[24.94,175.089],[11.173,173.732],[-2.595,175.089]],"c":true}},"nm":"Path 5","mn":"ADBE Vector Shape - Group"},{"ind":5,"ty":"sh","ix":6,"ks":{"a":0,"k":{"i":[[0.096,-1.396],[-1.526,-0.105],[-7.415,-0.2],[-7.415,-0.127],[-7.415,0.178],[-7.415,0.628],[-0.116,1.366],[1.526,0.129],[7.415,0.26],[7.415,-0.088],[7.416,-0.301],[7.415,-0.515]],"o":[[-0.106,1.525],[7.415,0.515],[7.416,0.303],[7.415,0.089],[7.415,-0.259],[1.323,-0.111],[0.129,-1.526],[-7.415,-0.628],[-7.415,-0.179],[-7.415,0.127],[-7.415,0.202],[-1.358,0.092]],"v":[[-115.151,177.656],[-112.581,180.609],[-90.336,181.605],[-68.09,181.948],[-45.844,181.745],[-23.599,180.609],[-21.071,178.082],[-23.599,175.086],[-45.844,173.95],[-68.09,173.747],[-90.336,174.089],[-112.581,175.086]],"c":true}},"nm":"Path 6","mn":"ADBE Vector Shape - Group"},{"ind":6,"ty":"sh","ix":7,"ks":{"a":0,"k":{"i":[[0.06,-1.438],[-1.408,-0.069],[-10.625,-0.201],[-10.625,-0.126],[-10.625,0.09],[-10.625,0.628],[-0.071,1.419],[1.408,0.083],[10.624,0.259],[10.624,-0.084],[10.624,-0.303],[10.624,-0.514]],"o":[[-0.063,1.525],[10.624,0.513],[10.624,0.301],[10.624,0.084],[10.624,-0.259],[1.279,-0.081],[0.077,-1.525],[-10.625,-0.628],[-10.625,-0.089],[-10.625,0.127],[-10.625,0.2],[-1.302,0.068]],"v":[[-17.344,154.239],[-14.908,157.125],[16.966,158.121],[48.839,158.463],[80.713,158.26],[112.586,157.125],[114.996,154.513],[112.586,151.601],[80.713,150.465],[48.839,150.262],[16.966,150.605],[-14.908,151.601]],"c":true}},"nm":"Path 7","mn":"ADBE Vector Shape - Group"},{"ind":7,"ty":"sh","ix":8,"ks":{"a":0,"k":{"i":[[0.112,-1.372],[-1.525,-0.125],[-6.293,-0.201],[-6.292,-0.127],[-6.294,0.178],[-6.293,0.628],[-0.134,1.337],[1.525,0.153],[6.292,0.259],[6.294,-0.088],[6.294,-0.301],[6.293,-0.514]],"o":[[-0.125,1.525],[6.293,0.515],[6.294,0.303],[6.294,0.088],[6.292,-0.26],[1.288,-0.128],[0.153,-1.526],[-6.293,-0.627],[-6.294,-0.179],[-6.292,0.127],[-6.293,0.202],[-1.329,0.108]],"v":[[-115.149,154.127],[-112.613,157.114],[-93.734,158.11],[-74.855,158.453],[-55.975,158.25],[-37.096,157.114],[-34.61,154.628],[-37.096,151.59],[-55.975,150.455],[-74.855,150.252],[-93.734,150.594],[-112.613,151.59]],"c":true}},"nm":"Path 8","mn":"ADBE Vector Shape - Group"},{"ind":8,"ty":"sh","ix":9,"ks":{"a":0,"k":{"i":[[0.242,-1.117],[-1.525,-0.329],[-4.595,-0.075],[-4.594,1.193],[-0.268,1.036],[1.526,0.396],[4.595,-0.045],[4.595,-0.994]],"o":[[-0.33,1.526],[4.595,0.994],[4.595,0.045],[0.967,-0.253],[0.396,-1.525],[-4.594,-1.193],[-4.595,0.075],[-1.049,0.229]],"v":[[-114.981,-121.151],[-112.816,-117.792],[-99.03,-116.433],[-85.245,-117.792],[-83.2,-119.837],[-85.245,-123.315],[-99.03,-124.674],[-112.816,-123.315]],"c":true}},"nm":"Path 9","mn":"ADBE Vector Shape - Group"},{"ind":9,"ty":"sh","ix":10,"ks":{"a":0,"k":{"i":[[0.06,-1.438],[-1.408,-0.068],[-10.625,-0.201],[-10.625,-0.127],[-10.625,0.09],[-10.625,0.628],[-0.071,1.419],[1.408,0.083],[10.624,0.26],[10.624,-0.085],[10.624,-0.302],[10.624,-0.514]],"o":[[-0.063,1.526],[10.624,0.515],[10.624,0.302],[10.624,0.084],[10.624,-0.259],[1.279,-0.081],[0.077,-1.526],[-10.625,-0.628],[-10.625,-0.09],[-10.625,0.127],[-10.625,0.201],[-1.302,0.068]],"v":[[-17.344,-177.961],[-14.908,-175.076],[16.966,-174.079],[48.839,-173.737],[80.713,-173.94],[112.586,-175.076],[114.996,-177.686],[112.586,-180.599],[80.713,-181.735],[48.839,-181.937],[16.966,-181.595],[-14.908,-180.599]],"c":true}},"nm":"Path 10","mn":"ADBE Vector Shape - Group"},{"ind":10,"ty":"sh","ix":11,"ks":{"a":0,"k":{"i":[[0.112,-1.372],[-1.525,-0.125],[-6.293,-0.201],[-6.292,-0.127],[-6.294,0.179],[-6.293,0.628],[-0.134,1.338],[1.525,0.152],[6.292,0.259],[6.294,-0.089],[6.294,-0.303],[6.293,-0.515]],"o":[[-0.125,1.526],[6.293,0.514],[6.294,0.302],[6.294,0.088],[6.292,-0.26],[1.288,-0.128],[0.153,-1.526],[-6.293,-0.628],[-6.294,-0.179],[-6.292,0.127],[-6.293,0.2],[-1.329,0.107]],"v":[[-115.149,-178.074],[-112.613,-175.086],[-93.734,-174.09],[-74.855,-173.747],[-55.975,-173.95],[-37.096,-175.086],[-34.61,-177.572],[-37.096,-180.609],[-55.975,-181.745],[-74.855,-181.948],[-93.734,-181.605],[-112.613,-180.609]],"c":true}},"nm":"Path 11","mn":"ADBE Vector Shape - Group"},{"ind":11,"ty":"sh","ix":12,"ks":{"a":0,"k":{"i":[[0.065,-1.439],[-1.526,-0.069],[-11.508,-0.201],[-11.508,-0.126],[-11.508,0.09],[-11.508,0.628],[-0.077,1.418],[1.525,0.084],[11.507,0.26],[11.508,-0.084],[11.507,-0.302],[11.507,-0.514]],"o":[[-0.068,1.525],[11.507,0.514],[11.507,0.302],[11.508,0.084],[11.507,-0.258],[1.385,-0.081],[0.084,-1.525],[-11.508,-0.628],[-11.508,-0.089],[-11.508,0.127],[-11.508,0.201],[-1.41,0.068]],"v":[[-68.421,-120.717],[-65.783,-117.832],[-31.26,-116.836],[3.262,-116.494],[37.785,-116.697],[72.308,-117.832],[74.918,-120.443],[72.308,-123.356],[37.785,-124.492],[3.262,-124.695],[-31.26,-124.352],[-65.783,-123.356]],"c":true}},"nm":"Path 12","mn":"ADBE Vector Shape - Group"},{"ind":12,"ty":"sh","ix":13,"ks":{"a":0,"k":{"i":[[0.242,-1.118],[-1.525,-0.33],[-4.596,-0.075],[-4.596,1.192],[-0.268,1.036],[1.525,0.395],[4.596,-0.044],[4.595,-0.995]],"o":[[-0.329,1.525],[4.595,0.993],[4.596,0.045],[0.967,-0.254],[0.396,-1.525],[-4.596,-1.193],[-4.596,0.076],[-1.049,0.228]],"v":[[-0.778,-149.833],[1.387,-146.474],[15.173,-145.116],[28.959,-146.474],[31.003,-148.519],[28.959,-151.997],[15.173,-153.357],[1.387,-151.997]],"c":true}},"nm":"Path 13","mn":"ADBE Vector Shape - Group"},{"ind":13,"ty":"sh","ix":14,"ks":{"a":0,"k":{"i":[[-1.358,0.092],[-7.415,0.201],[-7.415,0.127],[-7.415,-0.179],[-7.415,-0.628],[0.129,-1.525],[1.323,-0.111],[7.415,-0.26],[7.415,0.088],[7.416,0.302],[7.415,0.515],[-0.106,1.524]],"o":[[7.415,-0.515],[7.416,-0.302],[7.415,-0.089],[7.415,0.259],[1.526,0.128],[-0.116,1.367],[-7.415,0.628],[-7.415,0.178],[-7.415,-0.127],[-7.415,-0.201],[-1.526,-0.106],[0.096,-1.396]],"v":[[-112.581,-151.997],[-90.336,-152.994],[-68.09,-153.336],[-45.844,-153.133],[-23.599,-151.997],[-21.071,-149.002],[-23.599,-146.474],[-45.844,-145.338],[-68.09,-145.135],[-90.336,-145.478],[-112.581,-146.474],[-115.151,-149.427]],"c":true}},"nm":"Path 14","mn":"ADBE Vector Shape - Group"},{"ty":"fl","c":{"a":0,"k":[0.8470588,0.8705882,0.8941176,1]},"o":{"a":0,"k":100},"r":1,"nm":"Fill 1","mn":"ADBE Vector Graphic - Fill"},{"ty":"tr","p":{"a":0,"k":[115,354.135],"ix":2},"a":{"a":0,"k":[0,0],"ix":1},"s":{"a":0,"k":[100,100],"ix":3},"r":{"a":0,"k":0,"ix":6},"o":{"a":0,"k":100,"ix":7},"sk":{"a":0,"k":0,"ix":4},"sa":{"a":0,"k":0,"ix":5},"nm":"Transform"}],"nm":"Group 1","np":15,"cix":2,"ix":1,"mn":"ADBE Vector Group"},{"ty":"gr","it":[{"ind":0,"ty":"sh","ix":1,"ks":{"a":0,"k":{"i":[[1.464,-1.615],[-2.528,5.622]],"o":[[-3.106,3.428],[1.811,-4.028]],"v":[[-1.597,-3.845],[2.892,-0.161]],"c":true}},"nm":"Path 1","mn":"ADBE Vector Shape - Group"},{"ty":"fl","c":{"a":0,"k":[0.9529412,0.9607843,0.9647059,1]},"o":{"a":0,"k":100},"r":1,"nm":"Fill 1","mn":"ADBE Vector Graphic - Fill"},{"ty":"tr","p":{"a":0,"k":[126.659,443.744],"ix":2},"a":{"a":0,"k":[0,0],"ix":1},"s":{"a":0,"k":[100,100],"ix":3},"r":{"a":0,"k":0,"ix":6},"o":{"a":0,"k":100,"ix":7},"sk":{"a":0,"k":0,"ix":4},"sa":{"a":0,"k":0,"ix":5},"nm":"Transform"}],"nm":"Group 2","np":2,"cix":2,"ix":2,"mn":"ADBE Vector Group"},{"ty":"gr","it":[{"ind":0,"ty":"sh","ix":1,"ks":{"a":0,"k":{"i":[[-0.818,2.02],[3.963,-4.719]],"o":[[1.736,-4.288],[-2.84,3.382]],"v":[[-4.207,-0.767],[1.062,1.673]],"c":true}},"nm":"Path 1","mn":"ADBE Vector Shape - Group"},{"ty":"fl","c":{"a":0,"k":[0.9529412,0.9607843,0.9647059,1]},"o":{"a":0,"k":100},"r":1,"nm":"Fill 1","mn":"ADBE Vector Graphic - Fill"},{"ty":"tr","p":{"a":0,"k":[201.302,439.586],"ix":2},"a":{"a":0,"k":[0,0],"ix":1},"s":{"a":0,"k":[100,100],"ix":3},"r":{"a":0,"k":0,"ix":6},"o":{"a":0,"k":100,"ix":7},"sk":{"a":0,"k":0,"ix":4},"sa":{"a":0,"k":0,"ix":5},"nm":"Transform"}],"nm":"Group 3","np":2,"cix":2,"ix":3,"mn":"ADBE Vector Group"},{"ty":"gr","it":[{"ind":0,"ty":"sh","ix":1,"ks":{"a":0,"k":{"i":[[-0.817,2.02],[2.556,-3.602]],"o":[[1.737,-4.288],[-2.555,3.602]],"v":[[-2.993,-1.016],[1.254,1.702]],"c":true}},"nm":"Path 1","mn":"ADBE Vector Shape - Group"},{"ty":"fl","c":{"a":0,"k":[0.9529412,0.9607843,0.9647059,1]},"o":{"a":0,"k":100},"r":1,"nm":"Fill 1","mn":"ADBE Vector Graphic - Fill"},{"ty":"tr","p":{"a":0,"k":[177.04,420.634],"ix":2},"a":{"a":0,"k":[0,0],"ix":1},"s":{"a":0,"k":[100,100],"ix":3},"r":{"a":0,"k":0,"ix":6},"o":{"a":0,"k":100,"ix":7},"sk":{"a":0,"k":0,"ix":4},"sa":{"a":0,"k":0,"ix":5},"nm":"Transform"}],"nm":"Group 4","np":2,"cix":2,"ix":4,"mn":"ADBE Vector Group"},{"ty":"gr","it":[{"ind":0,"ty":"sh","ix":1,"ks":{"a":0,"k":{"i":[[2.178,-0.091],[-4.251,1.194]],"o":[[-4.622,0.192],[4.252,-1.194]],"v":[[-0.38,-3.009],[0.751,1.905]],"c":true}},"nm":"Path 1","mn":"ADBE Vector Shape - Group"},{"ty":"fl","c":{"a":0,"k":[0.9529412,0.9607843,0.9647059,1]},"o":{"a":0,"k":100},"r":1,"nm":"Fill 1","mn":"ADBE Vector Graphic - Fill"},{"ty":"tr","p":{"a":0,"k":[198.404,379.927],"ix":2},"a":{"a":0,"k":[0,0],"ix":1},"s":{"a":0,"k":[100,100],"ix":3},"r":{"a":0,"k":0,"ix":6},"o":{"a":0,"k":100,"ix":7},"sk":{"a":0,"k":0,"ix":4},"sa":{"a":0,"k":0,"ix":5},"nm":"Transform"}],"nm":"Group 5","np":2,"cix":2,"ix":5,"mn":"ADBE Vector Group"},{"ty":"gr","it":[{"ind":0,"ty":"sh","ix":1,"ks":{"a":0,"k":{"i":[[4.456,-1.241],[-4.251,1.194]],"o":[[-4.456,1.241],[4.252,-1.194]],"v":[[-0.463,-2.434],[0.668,2.48]],"c":true}},"nm":"Path 1","mn":"ADBE Vector Shape - Group"},{"ty":"fl","c":{"a":0,"k":[0.9529412,0.9607843,0.9647059,1]},"o":{"a":0,"k":100},"r":1,"nm":"Fill 1","mn":"ADBE Vector Graphic - Fill"},{"ty":"tr","p":{"a":0,"k":[154.751,386.841],"ix":2},"a":{"a":0,"k":[0,0],"ix":1},"s":{"a":0,"k":[100,100],"ix":3},"r":{"a":0,"k":0,"ix":6},"o":{"a":0,"k":100,"ix":7},"sk":{"a":0,"k":0,"ix":4},"sa":{"a":0,"k":0,"ix":5},"nm":"Transform"}],"nm":"Group 6","np":2,"cix":2,"ix":6,"mn":"ADBE Vector Group"},{"ty":"gr","it":[{"ind":0,"ty":"sh","ix":1,"ks":{"a":0,"k":{"i":[[0,0],[0.397,-1.477],[-0.458,-0.982],[-0.423,-0.219],[-0.108,-0.053],[-0.159,-0.008],[-0.338,0.02],[-1.422,0.465],[-2.715,1.657],[-2.597,1.948],[-4.737,4.567],[-4.492,4.831],[-4.051,5.145],[-2.962,5.657],[-0.774,2.887],[-0.142,0.714],[-0.036,0.346],[0,0],[0,0],[0.596,0.653],[1.319,0.095],[0.711,-0.06],[0.74,-0.225],[2.825,-1.639],[0,0],[0.339,0.585],[-0.445,0.375],[-3.349,1.406],[-2.038,0.076],[-0.261,-0.012],[0,0],[-0.268,-0.043],[0,0],[-0.267,-0.12],[0,0],[-0.462,-0.401],[-0.379,-0.473],[-0.265,-0.522],[-0.075,-1.012],[0.365,-1.807],[1.474,-3.168],[4.036,-5.49],[4.542,-5.015],[4.979,-4.615],[5.628,-3.936],[3.109,-1.6],[1.665,-0.631],[0.844,-0.289],[0.913,-0.167],[2.069,0.423],[0.509,0.181],[0.25,0.137],[0.223,0.216],[0.332,1.105],[-0.788,1.626],[-1.188,1.25],[-0.246,-0.233],[0.132,-0.239]],"o":[[-0.795,1.435],[-0.403,1.458],[0.264,0.452],[0.081,0.076],[0.129,0.035],[0.297,0.03],[1.236,0.071],[2.852,-0.899],[2.757,-1.605],[5.206,-3.894],[4.799,-4.498],[4.516,-4.81],[4.032,-5.149],[1.473,-2.818],[0.229,-0.729],[0.063,-0.355],[0,0],[0,0],[-0.028,-1.302],[-0.571,-0.67],[-0.644,-0.077],[-0.722,0.14],[-2.974,0.781],[0,0],[-0.584,0.338],[-0.302,-0.52],[2.62,-2.218],[1.671,-0.705],[0.255,-0.007],[0,0],[0.267,0.03],[0,0],[0.272,0.088],[0,0],[0.544,0.251],[0.496,0.378],[0.367,0.485],[0.404,1.042],[0.202,2.043],[-0.705,3.637],[-3.008,6.314],[-4.055,5.482],[-4.58,4.981],[-5.027,4.557],[-2.822,1.957],[-1.561,0.785],[-0.811,0.344],[-0.874,0.25],[-1.813,0.335],[-0.504,-0.07],[-0.256,-0.078],[-0.247,-0.163],[-0.96,-0.749],[-0.497,-2.26],[0.819,-1.639],[0.233,-0.245],[0.207,0.197],[0,0]],"v":[[-38.758,32.822],[-40.631,37.209],[-40.629,41.168],[-39.655,42.181],[-39.309,42.323],[-38.941,42.447],[-38.075,42.566],[-33.98,41.953],[-25.566,37.936],[-17.577,32.487],[-2.702,19.679],[11.171,5.569],[24.045,-9.373],[34.8,-25.553],[38.298,-34.177],[38.743,-36.321],[38.834,-37.353],[38.876,-37.867],[38.848,-38.345],[37.918,-41.382],[35.012,-42.575],[32.942,-42.502],[30.75,-42.031],[22.038,-38.12],[22.031,-38.116],[20.359,-38.561],[20.627,-40.108],[29.515,-45.652],[35.053,-46.937],[35.818,-46.957],[36.617,-46.881],[37.418,-46.784],[38.238,-46.552],[39.051,-46.281],[39.845,-45.866],[41.305,-44.798],[42.474,-43.421],[43.288,-41.882],[44.039,-38.76],[43.681,-32.991],[40.156,-22.894],[29.27,-5.393],[16.249,10.255],[1.924,24.636],[-13.991,37.469],[-22.864,42.84],[-27.696,44.975],[-30.238,45.846],[-32.911,46.478],[-38.747,46.546],[-40.302,46.046],[-41.065,45.639],[-41.794,45.148],[-43.744,42.192],[-42.832,36.36],[-39.729,32.085],[-38.862,32.063],[-38.748,32.804]],"c":true}},"nm":"Path 1","mn":"ADBE Vector Shape - Group"},{"ty":"fl","c":{"a":0,"k":[0.0039216,0.3764706,0.5294118,1]},"o":{"a":0,"k":100},"r":1,"nm":"Fill 1","mn":"ADBE Vector Graphic - Fill"},{"ty":"tr","p":{"a":0,"k":[76.621,402.73],"ix":2},"a":{"a":0,"k":[0,0],"ix":1},"s":{"a":0,"k":[100,100],"ix":3},"r":{"a":0,"k":0,"ix":6},"o":{"a":0,"k":100,"ix":7},"sk":{"a":0,"k":0,"ix":4},"sa":{"a":0,"k":0,"ix":5},"nm":"Transform"}],"nm":"Group 7","np":2,"cix":2,"ix":7,"mn":"ADBE Vector Group"},{"ty":"gr","it":[{"ind":0,"ty":"sh","ix":1,"ks":{"a":0,"k":{"i":[[4.953,-21.002],[21.895,7.258],[-2.144,21.472],[-21.188,-4.084]],"o":[[-4.953,21.002],[-20.482,-6.789],[2.407,-24.099],[22.139,4.268]],"v":[[36.814,8.758],[-9.791,35.815],[-39.622,-7.907],[6.122,-38.989]],"c":true}},"nm":"Path 1","mn":"ADBE Vector Shape - Group"},{"ty":"fl","c":{"a":0,"k":[1,1,1,1]},"o":{"a":0,"k":100},"r":1,"nm":"Fill 1","mn":"ADBE Vector Graphic - Fill"},{"ty":"tr","p":{"a":0,"k":[77.475,404.954],"ix":2},"a":{"a":0,"k":[0,0],"ix":1},"s":{"a":0,"k":[100,100],"ix":3},"r":{"a":0,"k":0,"ix":6},"o":{"a":0,"k":100,"ix":7},"sk":{"a":0,"k":0,"ix":4},"sa":{"a":0,"k":0,"ix":5},"nm":"Transform"}],"nm":"Group 8","np":2,"cix":2,"ix":8,"mn":"ADBE Vector Group"},{"ty":"gr","it":[{"ind":0,"ty":"sh","ix":1,"ks":{"a":0,"k":{"i":[[0,0],[0,0],[0,0],[0,0]],"o":[[0,0],[0,0],[0,0],[0,0]],"v":[[115,69.859],[-115.538,69.859],[-115.538,-69.859],[115,-69.859]],"c":true}},"nm":"Path 1","mn":"ADBE Vector Shape - Group"},{"ty":"fl","c":{"a":0,"k":[0.7333333,0.7882353,0.8352941,1]},"o":{"a":0,"k":100},"r":1,"nm":"Fill 1","mn":"ADBE Vector Graphic - Fill"},{"ty":"tr","p":{"a":0,"k":[115,403.141],"ix":2},"a":{"a":0,"k":[0,0],"ix":1},"s":{"a":0,"k":[100,100],"ix":3},"r":{"a":0,"k":0,"ix":6},"o":{"a":0,"k":100,"ix":7},"sk":{"a":0,"k":0,"ix":4},"sa":{"a":0,"k":0,"ix":5},"nm":"Transform"}],"nm":"Group 9","np":2,"cix":2,"ix":9,"mn":"ADBE Vector Group"},{"ty":"gr","it":[{"ind":0,"ty":"sh","ix":1,"ks":{"a":0,"k":{"i":[[0,-12.15],[12.15,0],[0,12.15],[-12.15,0]],"o":[[0,12.15],[-12.15,0],[0,-12.15],[12.15,0]],"v":[[22,0],[0,22],[-22,0],[0,-22]],"c":true}},"nm":"Path 1","mn":"ADBE Vector Shape - Group"},{"ty":"fl","c":{"a":0,"k":[1,1,1,1]},"o":{"a":0,"k":100},"r":1,"nm":"Fill 1","mn":"ADBE Vector Graphic - Fill"},{"ty":"tr","p":{"a":0,"k":[191.039,37.805],"ix":2},"a":{"a":0,"k":[0,0],"ix":1},"s":{"a":0,"k":[100,100],"ix":3},"r":{"a":0,"k":0,"ix":6},"o":{"a":0,"k":100,"ix":7},"sk":{"a":0,"k":0,"ix":4},"sa":{"a":0,"k":0,"ix":5},"nm":"Transform"}],"nm":"Group 10","np":2,"cix":2,"ix":10,"mn":"ADBE Vector Group"},{"ty":"gr","it":[{"ind":0,"ty":"sh","ix":1,"ks":{"a":0,"k":{"i":[[0,1.83],[0,0],[26.664,3.882],[44.378,51.842],[0,0],[0,0]],"o":[[0,0],[-11.598,-14.111],[-48.045,-6.994],[0,0],[0,0],[1.83,0]],"v":[[115,46.771],[115,19.788],[56.449,-6.074],[-115,-50.084],[-115,50.084],[111.687,50.084]],"c":true}},"nm":"Path 1","mn":"ADBE Vector Shape - Group"},{"ty":"fl","c":{"a":0,"k":[0.4352941,0.5764706,0.6784314,1]},"o":{"a":0,"k":100},"r":1,"nm":"Fill 1","mn":"ADBE Vector Graphic - Fill"},{"ty":"tr","p":{"a":0,"k":[115,89.771],"ix":2},"a":{"a":0,"k":[0,0],"ix":1},"s":{"a":0,"k":[100,100],"ix":3},"r":{"a":0,"k":0,"ix":6},"o":{"a":0,"k":100,"ix":7},"sk":{"a":0,"k":0,"ix":4},"sa":{"a":0,"k":0,"ix":5},"nm":"Transform"}],"nm":"Group 11","np":2,"cix":2,"ix":11,"mn":"ADBE Vector Group"},{"ty":"gr","it":[{"ind":0,"ty":"sh","ix":1,"ks":{"a":0,"k":{"i":[[1.83,0],[0,0],[0,0],[0,0],[0,0]],"o":[[0,0],[0,0],[0,0],[0,0],[0,1.83]],"v":[[111.687,69.855],[-115,69.855],[-115,-69.855],[115,-69.855],[115,66.542]],"c":true}},"nm":"Path 1","mn":"ADBE Vector Shape - Group"},{"ty":"fl","c":{"a":0,"k":[0.7333333,0.7882353,0.8352941,1]},"o":{"a":0,"k":100},"r":1,"nm":"Fill 1","mn":"ADBE Vector Graphic - Fill"},{"ty":"tr","p":{"a":0,"k":[115,70],"ix":2},"a":{"a":0,"k":[0,0],"ix":1},"s":{"a":0,"k":[100,100],"ix":3},"r":{"a":0,"k":0,"ix":6},"o":{"a":0,"k":100,"ix":7},"sk":{"a":0,"k":0,"ix":4},"sa":{"a":0,"k":0,"ix":5},"nm":"Transform"}],"nm":"Group 12","np":2,"cix":2,"ix":12,"mn":"ADBE Vector Group"}],"ip":0,"op":419,"st":0,"bm":0,"sr":1},{"ddd":0,"ind":3,"ty":4,"nm":"iPhone Outlines","ks":{"o":{"a":0,"k":100},"r":{"a":0,"k":0},"p":{"a":0,"k":[153,303,0]},"a":{"a":0,"k":[153,303,0]},"s":{"a":0,"k":[100,100,100]}},"ao":0,"shapes":[{"ty":"gr","it":[{"ind":0,"ty":"sh","ix":1,"ks":{"a":0,"k":{"i":[[0,0],[0,0],[0,0],[0,0]],"o":[[0,0],[0,0],[0,0],[0,0]],"v":[[-135,27],[135,27],[135,-27],[-135,-27]],"c":true}},"nm":"Path 1","mn":"ADBE Vector Shape - Group"},{"ty":"fl","c":{"a":0,"k":[0.0039216,0.3764706,0.5294118,1]},"o":{"a":0,"k":100},"r":1,"nm":"Fill 1","mn":"ADBE Vector Graphic - Fill"},{"ty":"tr","p":{"a":0,"k":[153,84],"ix":2},"a":{"a":0,"k":[0,0],"ix":1},"s":{"a":0,"k":[100,100],"ix":3},"r":{"a":0,"k":0,"ix":6},"o":{"a":0,"k":100,"ix":7},"sk":{"a":0,"k":0,"ix":4},"sa":{"a":0,"k":0,"ix":5},"nm":"Transform"}],"nm":"Group 1","np":2,"cix":2,"ix":1,"mn":"ADBE Vector Group"},{"ty":"gr","it":[{"ind":0,"ty":"sh","ix":1,"ks":{"a":0,"k":{"i":[[0,0],[0,0],[0,0],[0,0]],"o":[[0,0],[0,0],[0,0],[0,0]],"v":[[-135,217.5],[135,217.5],[135,-217.5],[-135,-217.5]],"c":true}},"nm":"Path 1","mn":"ADBE Vector Shape - Group"},{"ty":"fl","c":{"a":0,"k":[1,1,1,1]},"o":{"a":0,"k":100},"r":1,"nm":"Fill 1","mn":"ADBE Vector Graphic - Fill"},{"ty":"tr","p":{"a":0,"k":[153,328.5],"ix":2},"a":{"a":0,"k":[0,0],"ix":1},"s":{"a":0,"k":[100,100],"ix":3},"r":{"a":0,"k":0,"ix":6},"o":{"a":0,"k":100,"ix":7},"sk":{"a":0,"k":0,"ix":4},"sa":{"a":0,"k":0,"ix":5},"nm":"Transform"}],"nm":"Group 2","np":2,"cix":2,"ix":2,"mn":"ADBE Vector Group"},{"ty":"gr","it":[{"ind":0,"ty":"sh","ix":1,"ks":{"a":0,"k":{"i":[[0,0],[0,-23.1],[0,0],[-23.1,0],[0,0],[0,23.1],[0,0],[23.1,0]],"o":[[-23.1,0],[0,0],[0,23.1],[0,0],[23.1,0],[0,0],[0,-23.1],[0,0]],"v":[[-111,-303],[-153,-261],[-153,261],[-111,303],[111,303],[153,261],[153,-261],[111,-303]],"c":true}},"nm":"Path 1","mn":"ADBE Vector Shape - Group"},{"ty":"fl","c":{"a":0,"k":[0.1372549,0.2078431,0.2941176,1]},"o":{"a":0,"k":100},"r":1,"nm":"Fill 1","mn":"ADBE Vector Graphic - Fill"},{"ty":"tr","p":{"a":0,"k":[153.134,303.104],"ix":2},"a":{"a":0,"k":[0,0],"ix":1},"s":{"a":0,"k":[100,100],"ix":3},"r":{"a":0,"k":0,"ix":6},"o":{"a":0,"k":100,"ix":7},"sk":{"a":0,"k":0,"ix":4},"sa":{"a":0,"k":0,"ix":5},"nm":"Transform"}],"nm":"Group 3","np":2,"cix":2,"ix":3,"mn":"ADBE Vector Group"}],"ip":0,"op":419,"st":0,"bm":0,"sr":1}]}